model,auc,ks,lift_top20
logistic_sklearn,0.61405340296135,0.18217826989895103,1.5796082370668008
random_forest,0.7595403814239265,0.4069660311177729,2.48869914615771
gradient_boosting,0.7659383404518507,0.42210227089100266,2.531391260673029
