strategy,threshold,approval_rate,bad_rate,expected_loss
lenient,562.9648032848453,0.8001333333333334,0.24083486085652392,0.3199591005578884
baseline,588.2730672589317,0.5000666666666667,0.2618984135448607,0.3858253369442795
strict,667.9421960488648,0.2002,0.23126873126873126,0.4376046300249442
